"drive","test","r1_MiB","r2_MiB","r1_IOPS","r2_IOPS","r1_CPU","r2_CPU"
"kingspec","rand-128K-qd8","4342.62","4001.7","34741","32014","1.23","5.42"
"kingspec","rand-4K-qd1-full","46.82","40.65","11986","10405","3.16","8.66"
"kingspec","rand-4K-qd32x4-full","1867.59","1840.46","478102","471158","8.15","17.95"
"kingspec","rand-4M-qd8-full","5548.79","5870.56","1387","1468","9.13","0.77"
"kingspec","rand-4M-qd8-span1G","6464.1","6403.19","1616","1601","3.85","4.21"
"kingspec","rand-4M-qd8-span8G","6218.64","6335.09","1555","1584","6.5","7.17"
"kingspec","seq-1M-qd8","6454.54","6250.21","6455","6250","6.26","6.36"
"kingspec","write-rand-4K-qd32x4","654.19","663.3","167474","169806","3.22","10.71"
"kingspec","write-seq-1M-qd8","5960.17","5571.38","5960","5571","0.82","7.57"
"s880","rand-128K-qd8","1536.05","1412.76","12288","11302","5.08","7.78"
"s880","rand-4K-qd1-full","41.24","38.41","10558","9832","10.22","6.07"
"s880","rand-4K-qd32x4-full","641.62","651.6","164255","166809","2.4","9.68"
"s880","rand-4M-qd8-full","4652.05","4791.04","1163","1198","7.85","1.03"
"s880","rand-4M-qd8-span1G","4959.16","4861.61","1240","1215","0.64","6.78"
"s880","rand-4M-qd8-span8G","4818.92","4609.73","1205","1152","0.84","6.5"
"s880","seq-1M-qd8","6368.8","5991.07","6369","5991","1.15","6.9"
"s880","write-rand-4K-qd32x4","2141.81","2064.6","548304","528539","8.22","15.18"
"s880","write-seq-1M-qd8","6169.76","5925.98","6170","5926","4.93","6.23"
