"drive_driver","test","rounds","MiB_s","IOPS","CPU_pct"
"S880 stock","rand-4K-qd1-full","1","41.6","10661","1.67"
"S880 stock","rand-4K-qd32x4-full","1","655.8","167880","4.13"
"S880 stock","rand-4M-qd8-full","1","4743.1","1186","5.95"
"S880 stock","rand-4M-qd8-span1G","1","4949.7","1237","1.44"
"S880 stock","rand-4M-qd8-span8G","1","4780.8","1195","5.75"
"S880 native","rand-4K-qd1-full","2","42.1","10768","1"
"S880 native","rand-4K-qd32x4-full","2","658.6","168602","3.12"
"S880 native","rand-4M-qd8-full","2","4791.7","1198","1.04"
"S880 native","rand-4M-qd8-span1G","2","4954.5","1239","1.22"
"S880 native","rand-4M-qd8-span8G","2","4811.8","1203","1.48"
"KingSpec stock","rand-4K-qd1-full","2","49","12542","1.42"
"KingSpec stock","rand-4K-qd32x4-full","2","1964.7","502958","11.52"
"KingSpec stock","rand-4M-qd8-full","2","5895.9","1474","1.86"
"KingSpec stock","rand-4M-qd8-span1G","2","6475.1","1619","0.96"
"KingSpec stock","rand-4M-qd8-span8G","2","6458","1614","1.47"
"KingSpec native","rand-4K-qd1-full","2","48.9","12511","1.1"
"KingSpec native","rand-4K-qd32x4-full","2","1865.5","477561","7.26"
"KingSpec native","rand-4M-qd8-full","2","5851.3","1463","1.42"
"KingSpec native","rand-4M-qd8-span1G","2","6452.8","1613","1.27"
"KingSpec native","rand-4M-qd8-span8G","2","6468.6","1617","1.37"
